{
  "version": "1.0",
  "trainedAt": "2026-06-20T13:25:43.624Z",
  "featureNames": [
    "target_percent",
    "stoploss_percent",
    "reward_risk_ratio",
    "breakout_extension_pct",
    "days_to_breakout",
    "month_high_day_norm",
    "volume_ratio",
    "prior_5d_return"
  ],
  "weights": [
    -0.6573577820584062,
    -0.6573577820584062,
    0.6573577820584062,
    -0.11973254378528493,
    -0.1911382770538017,
    -0.7676437522817928,
    0.031125597163565853,
    -0.5795185375213215
  ],
  "bias": 0.6692529994804347,
  "means": [
    0.3000000000000004,
    0.3000000000000004,
    0.19999999999999982,
    0.027102342180700165,
    0.31939890710382524,
    0.8429402432575357,
    0.4963887145351141,
    0.6352833845273888
  ],
  "stds": [
    3.918028280916631e-16,
    3.918028280916631e-16,
    1.9590141404583155e-16,
    0.026722844799645613,
    0.29134395365635957,
    0.17114774555756465,
    0.3263400503971637,
    0.1054729665734516
  ],
  "metrics": {
    "trainSize": 48,
    "testSize": 13,
    "accuracy": 100,
    "precision": 100,
    "recall": 100,
    "auc": 0.5
  },
  "trainingJobId": "410f716c-7c52-4a1a-815e-472de5b909e4"
}